year,experimental,experimental_se,surrogate_index,upper_experimental,lower_experimental
3,0.09809111149917368,0.014156553521034575,0.08648721091699037,0.12584361787150544,0.07033860512684192
4,0.06852216668122037,0.014141962294322966,0.0724967471234072,0.09624606841389231,0.04079826494854842
5,0.06593850956081533,0.0141084305601535,0.06399143973451993,0.0935966756845461,0.03828034343708455
6,0.05008976905614292,0.014326230423337787,0.0587854153981801,0.07817491001396264,0.022004628098323206
7,0.013741486946649553,0.014378401077095669,0.05017592987700998,0.04192890324985705,-0.014445929356557941
8,0.004837160569280661,0.014598280470616593,0.04492347731761059,0.03345562841768006,-0.023781307279118737
9,0.001674233825195555,0.014792387126092283,0.04340722179152236,0.030673228345217175,-0.027324760694826065
